qseqid,sseqid,pident,length,mismatch,gapopen,qstart,qend,sstart,send,evalue,bitscore
r3-T4_AY541809.1_pMAC_c66,NODE_48_length_4585_cov_213.574915,100.000,936,0,0,1,936,1689,754,0.0,1729
r3-T4_CP090183.1_pAB1343,NODE_48_length_4585_cov_213.574915,99.466,936,0,2,1,931,1689,754,0.0,1696
r3-T4_CM009653.1_p5ZQ6_c67,NODE_48_length_4585_cov_213.574915,98.932,936,10,0,1,936,1689,754,0.0,1674
r3-T4_CP095092.1_AB4451,NODE_48_length_4585_cov_213.574915,99.787,937,0,2,1,936,1689,754,0.0,1718
