qseqid,sseqid,pident,length,mismatch,gapopen,qstart,qend,sstart,send,evalue,bitscore
r1-T2_NZ_CP028572.2_p4_005046_A_pittii,NODE_42_length_2436_cov_5739.325249,97.215,1185,33,0,1,1185,663,1847,0.0,2006
r1-T2_NZ_CP087307.1_p2OC081_A_baumannii,NODE_42_length_2436_cov_5739.325249,97.215,1185,33,0,1,1185,663,1847,0.0,2006
r1-T2_CM003313.1_pMRSN7339-2.3_c4_A_baum,NODE_42_length_2436_cov_5739.325249,97.313,1191,32,0,1,1191,657,1847,0.0,2023
r1-T2_L77992.1_pAB49_c3_A_baum,NODE_42_length_2436_cov_5739.325249,97.313,1191,32,0,1,1191,657,1847,0.0,2023
r1-T2_CP030108.1_pDA33382-2_c7_A_baum,NODE_42_length_2436_cov_5739.325249,97.070,1092,32,0,1,1092,756,1847,0.0,1840
